{
  "name" : "Jungle Valley",
  "tier" : 1,
  "posX" : 0.23082460463047028,
  "posY" : 0.7748690843582153
}