{
  "name" : "Courtyard",
  "tier" : 10,
  "posX" : 0.5318062901496887,
  "posY" : 0.31204187870025635
}