{
  "name" : "Caer Blaidd - Wolfpack's Den Underground River",
  "tier" : 10,
  "posX" : 0.4067041873931885,
  "posY" : 0.8365078568458557
}