{
  "name" : "Poorjoy's Asylum Temple",
  "tier" : 10,
  "posX" : 0.6372382044792175,
  "posY" : 0.7068063020706177
}