{
  "name" : "Malformation",
  "tier" : 10,
  "posX" : 0.6384162306785583,
  "posY" : 0.8303664922714233
}