{
  "name" : "Underground River",
  "tier" : 10,
  "posX" : 0.4028141498565674,
  "posY" : 0.8649214506149292
}