{
  "name" : "Precinct",
  "tier" : 11,
  "posX" : 0.3737199008464813,
  "posY" : 0.7654450535774231
}