{
  "name" : "Wasteland",
  "tier" : 11,
  "posX" : 0.5665005445480347,
  "posY" : 0.37587958574295044
}