{
  "name" : "Perandus Manor Chateau",
  "tier" : 11,
  "posX" : 0.6507853269577026,
  "posY" : 0.3204188346862793
}