{
  "name" : "Bazaar",
  "tier" : 11,
  "posX" : 0.3456806242465973,
  "posY" : 0.35811519622802734
}