{
  "name" : "Chateau",
  "tier" : 11,
  "posX" : 0.6394162178039551,
  "posY" : 0.2962879538536072
}