{
  "name" : "Underground Sea",
  "tier" : 11,
  "posX" : 0.4817408323287964,
  "posY" : 0.8052356243133545
}