{
  "name" : "Crematorium",
  "tier" : 12,
  "posX" : 0.6042539477348328,
  "posY" : 0.3612094223499298
}