{
  "name" : "Necropolis",
  "tier" : 12,
  "posX" : 0.6046649217605591,
  "posY" : 0.7225130796432495
}