{
  "name" : "Plateau",
  "tier" : 12,
  "posX" : 0.4691937267780304,
  "posY" : 0.6586387157440186
}