{
  "name" : "Estuary",
  "tier" : 12,
  "posX" : 0.6607984304428101,
  "posY" : 0.4407905638217926
}