{
  "name" : "High Gardens",
  "tier" : 13,
  "posX" : 0.32212042808532715,
  "posY" : 0.48691099882125854
}