{
  "name" : "Gorge",
  "tier" : 13,
  "posX" : 0.5388743281364441,
  "posY" : 0.7811518311500549
}