{
  "name" : "Volcano",
  "tier" : 14,
  "posX" : 0.6292251348495483,
  "posY" : 0.5486910939216614
}