{
  "name" : "Shrine",
  "tier" : 14,
  "posX" : 0.537696361541748,
  "posY" : 0.7319371700286865
}