{
  "name" : "Mineral Pools",
  "tier" : 14,
  "posX" : 0.5954188704490662,
  "posY" : 0.5811518430709839
}