{
  "name" : "Abyss",
  "tier" : 15,
  "posX" : 0.5783376693725586,
  "posY" : 0.6596387624740601
}