{
  "name" : "Vaal Temple",
  "tier" : 16,
  "posX" : 0.36117276549339294,
  "posY" : 0.5329371690750122
}