{
  "name" : "Lair of the Hydra",
  "tier" : 16,
  "posX" : 0.45876961946487427,
  "posY" : 0.4157068133354187
}