{
  "name" : "Pit of the Chimera",
  "tier" : 16,
  "posX" : 0.4611256420612335,
  "posY" : 0.5905759334564209
}