{
  "name" : "Forge of the Phoenix",
  "tier" : 16,
  "posX" : 0.5545994639396667,
  "posY" : 0.4198952913284302
}