{
  "name" : "Beach",
  "tier" : 2,
  "posX" : 0.25202879309654236,
  "posY" : 0.726701557636261
}