{
  "name" : "Ghetto",
  "tier" : 2,
  "posX" : 0.792146623134613,
  "posY" : 0.7424083948135376
}