{
  "name" : "Oasis",
  "tier" : 2,
  "posX" : 0.808049738407135,
  "posY" : 0.2083769589662552
}