{
  "name" : "Cavern",
  "tier" : 3,
  "posX" : 0.18134817481040955,
  "posY" : 0.42094239592552185
}