{
  "name" : "Grotto",
  "tier" : 3,
  "posX" : 0.8227748870849609,
  "posY" : 0.35183244943618774
}