{
  "name" : "Marshes",
  "tier" : 3,
  "posX" : 0.19018325209617615,
  "posY" : 0.6502617597579956
}