{
  "name" : "Vaults of Atziri Vaal Pyramid",
  "tier" : 3,
  "posX" : 0.24790576100349426,
  "posY" : 0.6052355766296387
}