{
  "name" : "Vaal Pyramid",
  "tier" : 3,
  "posX" : 0.23023560643196106,
  "posY" : 0.6230366230010986
}