{
  "name" : "Acid Lakes",
  "tier" : 4,
  "posX" : 0.20667539536952972,
  "posY" : 0.2178010493516922
}