{
  "name" : "Graveyard",
  "tier" : 4,
  "posX" : 0.7338351011276245,
  "posY" : 0.7476440072059631
}