{
  "name" : "Tower",
  "tier" : 5,
  "posX" : 0.7880235314369202,
  "posY" : 0.5926230549812317
}