{
  "name" : "Canyon",
  "tier" : 6,
  "posX" : 0.2610638737678528,
  "posY" : 0.4326607286930084
}