{
  "name" : "Ramparts",
  "tier" : 6,
  "posX" : 0.7202879786491394,
  "posY" : 0.44397905468940735
}