{
  "name" : "Racecourse",
  "tier" : 6,
  "posX" : 0.25597381591796875,
  "posY" : 0.13179580867290497
}