{
  "name" : "Spider Forest",
  "tier" : 6,
  "posX" : 0.7952696084976196,
  "posY" : 0.4941937029361725
}