{
  "name" : "Thicket",
  "tier" : 6,
  "posX" : 0.8151177763938904,
  "posY" : 0.4292251169681549
}