{
  "name" : "Vaal City",
  "tier" : 6,
  "posX" : 0.2883691191673279,
  "posY" : 0.5999528765678406
}