{
  "name" : "Ashen Wood",
  "tier" : 7,
  "posX" : 0.3592277467250824,
  "posY" : 0.1780104786157608
}