{
  "name" : "Cells",
  "tier" : 7,
  "posX" : 0.3015052378177643,
  "posY" : 0.1371256560087204
}