{
  "name" : "Bog",
  "tier" : 8,
  "posX" : 0.5922958254814148,
  "posY" : 0.15178534388542175
}