{
  "name" : "Cemetery",
  "tier" : 8,
  "posX" : 0.6246962547302246,
  "posY" : 0.2228308916091919
}