{
  "name" : "Maelstrom of Chaos Atoll",
  "tier" : 8,
  "posX" : 0.6926047205924988,
  "posY" : 0.5895287990570068
}