{
  "name" : "Shore",
  "tier" : 8,
  "posX" : 0.3228874206542969,
  "posY" : 0.6366021037101746
}