{
  "name" : "Tropical Island",
  "tier" : 8,
  "posX" : 0.29149213433265686,
  "posY" : 0.7276544570922852
}