{
  "name" : "Acton's Nightmare Overgrown Shrine",
  "tier" : 9,
  "posX" : 0.37866491079330444,
  "posY" : 0.22931937873363495
}