{
  "name" : "Museum",
  "tier" : 9,
  "posX" : 0.5275052189826965,
  "posY" : 0.22717800736427307
}