{
  "name" : "Temple",
  "tier" : 9,
  "posX" : 0.6496073007583618,
  "posY" : 0.7235602140426636
}