{
  "name" : "Arcade",
  "tier" : 1,
  "posX" : 0.8316099643707275,
  "posY" : 0.7685863971710205
}