{
  "name" : "Crystal Ore",
  "tier" : 1,
  "posX" : 0.18193717300891876,
  "posY" : 0.14764398336410522
}