{
  "name" : "Desert",
  "tier" : 1,
  "posX" : 0.8127617835998535,
  "posY" : 0.1538795828819275
}