{
  "name" : "Quay",
  "tier" : 10,
  "posX" : 0.3727748692035675,
  "posY" : 0.8335078358650208
}