{
  "name" : "Arsenal",
  "tier" : 10,
  "posX" : 0.6000078320503235,
  "posY" : 0.3035999834537506
}