{
  "name" : "The Vinktar Square Courtyard",
  "tier" : 10,
  "posX" : 0.5241492390632629,
  "posY" : 0.2743455469608307
}