{
  "name" : "Terrace",
  "tier" : 10,
  "posX" : 0.31681936979293823,
  "posY" : 0.2869109809398651
}