{
  "name" : "Colonade",
  "tier" : 10,
  "posX" : 0.4387434422969818,
  "posY" : 0.29733508825302124
}