{
  "name" : "Torture Chamber",
  "tier" : 11,
  "posX" : 0.42384031414985657,
  "posY" : 0.7665863633155823
}