{
  "name" : "Oba's Cursed Trove Torture Chamber",
  "tier" : 11,
  "posX" : 0.4393324553966522,
  "posY" : 0.7706806063652039
}