{
  "name" : "Excavation",
  "tier" : 11,
  "posX" : 0.5954188704490662,
  "posY" : 0.7801046967506409
}