{
  "name" : "Shipyard",
  "tier" : 12,
  "posX" : 0.30032721161842346,
  "posY" : 0.36225655674934387
}