{
  "name" : "Ivory Temple",
  "tier" : 12,
  "posX" : 0.3631727695465088,
  "posY" : 0.6785340309143066
}