{
  "name" : "Residence",
  "tier" : 12,
  "posX" : 0.43720942735671997,
  "posY" : 0.7182303667068481
}