{
  "name" : "Death and Taxes Necropolis",
  "tier" : 12,
  "posX" : 0.6199240684509277,
  "posY" : 0.7393612861633301
}