{
  "name" : "Vault",
  "tier" : 12,
  "posX" : 0.46642670035362244,
  "posY" : 0.7664921283721924
}