{
  "name" : "Waterways",
  "tier" : 13,
  "posX" : 0.3715968728065491,
  "posY" : 0.4167539179325104
}