{
  "name" : "Lair",
  "tier" : 13,
  "posX" : 0.6299921274185181,
  "posY" : 0.649167537689209
}