{
  "name" : "Sulphur Wastes",
  "tier" : 13,
  "posX" : 0.6294031143188477,
  "posY" : 0.46810993552207947
}