{
  "name" : "Beacon",
  "tier" : 13,
  "posX" : 0.6974947452545166,
  "posY" : 0.5109476447105408
}