{
  "name" : "Scriptorium",
  "tier" : 13,
  "posX" : 0.4261963367462158,
  "posY" : 0.6314136385917664
}