{
  "name" : "Plaza",
  "tier" : 13,
  "posX" : 0.3863219916820526,
  "posY" : 0.6397905945777893
}