{
  "name" : "Palace",
  "tier" : 14,
  "posX" : 0.3674738109111786,
  "posY" : 0.4701099395751953
}