{
  "name" : "Maze",
  "tier" : 14,
  "posX" : 0.40045812726020813,
  "posY" : 0.5560209155082703
}