{
  "name" : "Springs",
  "tier" : 14,
  "posX" : 0.42248427867889404,
  "posY" : 0.39467015862464905
}