{
  "name" : "Overgrown Ruin",
  "tier" : 15,
  "posX" : 0.45894765853881836,
  "posY" : 0.3590680658817291
}