{
  "name" : "Dark Forest",
  "tier" : 15,
  "posX" : 0.4087041914463043,
  "posY" : 0.45445024967193604
}