{
  "name" : "Colosseum",
  "tier" : 15,
  "posX" : 0.43579843640327454,
  "posY" : 0.545549750328064
}