{
  "name" : "Core",
  "tier" : 15,
  "posX" : 0.5960078239440918,
  "posY" : 0.4459790587425232
}