{
  "name" : "Maze of the Minotaur",
  "tier" : 16,
  "posX" : 0.5547775030136108,
  "posY" : 0.5916230082511902
}