{
  "name" : "The Shaper's Realm",
  "tier" : 17,
  "posX" : 0.5075092315673828,
  "posY" : 0.4999476373195648
}