{
  "name" : "Factory",
  "tier" : 2,
  "posX" : 0.17781414091587067,
  "posY" : 0.24188481271266937
}