{
  "name" : "Arid Lake",
  "tier" : 3,
  "posX" : 0.8021596670150757,
  "posY" : 0.2534031271934509
}