{
  "name" : "Channel",
  "tier" : 3,
  "posX" : 0.20785340666770935,
  "posY" : 0.30261778831481934
}