{
  "name" : "Sewers",
  "tier" : 3,
  "posX" : 0.7785995006561279,
  "posY" : 0.800000011920929
}