{
  "name" : "Academy",
  "tier" : 4,
  "posX" : 0.8304319381713867,
  "posY" : 0.6984293460845947
}