{
  "name" : "Dungeon",
  "tier" : 4,
  "posX" : 0.8151177763938904,
  "posY" : 0.3078534007072449
}