{
  "name" : "Hallowed Ground Cemetery",
  "tier" : 4,
  "posX" : 0.7273560166358948,
  "posY" : 0.7905759215354919
}