{
  "name" : "Phantasmagoria",
  "tier" : 4,
  "posX" : 0.1972513049840927,
  "posY" : 0.5664921402931213
}