{
  "name" : "Villa",
  "tier" : 4,
  "posX" : 0.7717044353485107,
  "posY" : 0.34869110584259033
}