{
  "name" : "Waste Pool",
  "tier" : 4,
  "posX" : 0.2184554934501648,
  "posY" : 0.3968586325645447
}