{
  "name" : "Burial Chamber",
  "tier" : 5,
  "posX" : 0.25182878971099854,
  "posY" : 0.5420141220092773
}