{
  "name" : "Dunes",
  "tier" : 5,
  "posX" : 0.7542722225189209,
  "posY" : 0.26497435569763184
}