{
  "name" : "Mesa",
  "tier" : 5,
  "posX" : 0.2543848156929016,
  "posY" : 0.27843979001045227
}