{
  "name" : "Primordial Pool",
  "tier" : 5,
  "posX" : 0.2147434502840042,
  "posY" : 0.48581674695014954
}