{
  "name" : "Peninsula",
  "tier" : 5,
  "posX" : 0.7346020936965942,
  "posY" : 0.3560209572315216
}