{
  "name" : "Pit",
  "tier" : 5,
  "posX" : 0.21727748215198517,
  "posY" : 0.16753926873207092
}