{
  "name" : "Spider Lair",
  "tier" : 5,
  "posX" : 0.8215968608856201,
  "posY" : 0.48206281661987305
}