{
  "name" : "Quarry",
  "tier" : 6,
  "posX" : 0.2836570739746094,
  "posY" : 0.21675392985343933
}