{
  "name" : "Strand",
  "tier" : 6,
  "posX" : 0.7114529013633728,
  "posY" : 0.262780100107193
}