{
  "name" : "Whakawairua Tuhau Strand",
  "tier" : 6,
  "posX" : 0.7114529013633728,
  "posY" : 0.29842931032180786
}