{
  "name" : "Wharf",
  "tier" : 6,
  "posX" : 0.6837696433067322,
  "posY" : 0.3162303566932678
}