{
  "name" : "Arachnid Tomb",
  "tier" : 7,
  "posX" : 0.2720549702644348,
  "posY" : 0.6586387157440186
}