{
  "name" : "Armory",
  "tier" : 7,
  "posX" : 0.7314790487289429,
  "posY" : 0.6732984185218811
}