{
  "name" : "Castle Ruins",
  "tier" : 7,
  "posX" : 0.6778795719146729,
  "posY" : 0.1946701556444168
}