{
  "name" : "Catacombs",
  "tier" : 7,
  "posX" : 0.3274214565753937,
  "posY" : 0.5612094402313232
}