{
  "name" : "Mud Geyser",
  "tier" : 7,
  "posX" : 0.7591623067855835,
  "posY" : 0.4984293282032013
}