{
  "name" : "Olmec's Sanctum Catacombs",
  "tier" : 7,
  "posX" : 0.3409685790538788,
  "posY" : 0.5811518430709839
}