{
  "name" : "Arena",
  "tier" : 8,
  "posX" : 0.7085078358650208,
  "posY" : 0.7381256818771362
}