{
  "name" : "Atoll",
  "tier" : 8,
  "posX" : 0.710274875164032,
  "posY" : 0.585293173789978
}