{
  "name" : "Arachnid Nest",
  "tier" : 8,
  "posX" : 0.3896780014038086,
  "posY" : 0.1799633502960205
}