{
  "name" : "Barrows",
  "tier" : 8,
  "posX" : 0.43579843640327454,
  "posY" : 0.16753926873207092
}