{
  "name" : "Pier",
  "tier" : 8,
  "posX" : 0.7444371581077576,
  "posY" : 0.5862932205200195
}