{
  "name" : "Coward's Trial Crypt",
  "tier" : 9,
  "posX" : 0.5665575861930847,
  "posY" : 0.24607330560684204
}