{
  "name" : "Crypt",
  "tier" : 9,
  "posX" : 0.5482984185218811,
  "posY" : 0.24193193018436432
}