{
  "name" : "Coves",
  "tier" : 9,
  "posX" : 0.333900511264801,
  "posY" : 0.7287015914916992
}