{
  "name" : "Hall of Grandmasters Promenade",
  "tier" : 9,
  "posX" : 0.42678430676460266,
  "posY" : 0.22717800736427307
}