{
  "name" : "Mao Kun Reef",
  "tier" : 9,
  "posX" : 0.314463347196579,
  "posY" : 0.8408377170562744
}