{
  "name" : "Overgrown Shrine",
  "tier" : 9,
  "posX" : 0.3939790427684784,
  "posY" : 0.24079057574272156
}