{
  "name" : "Orchard",
  "tier" : 9,
  "posX" : 0.710274875164032,
  "posY" : 0.8020471334457397
}