{
  "name" : "Promenade",
  "tier" : 9,
  "posX" : 0.4800000786781311,
  "posY" : 0.2659858763217926
}