{
  "name" : "Putrid Cloister Museum",
  "tier" : 9,
  "posX" : 0.5429973602294922,
  "posY" : 0.21675392985343933
}