{
  "name" : "Reef",
  "tier" : 9,
  "posX" : 0.29149213433265686,
  "posY" : 0.8544502854347229
}